count,label
17,"Bloomberg U S Aggregate Bond Index"
10,"Bloomberg U.S. Municipal Bond Index reflects no deductions for fees, expenses or taxes"
10,"Bloomberg Barclays Municipal Bond Index(reflects no deduction for fees, expenses, or taxes)"
9,"Bloomberg Barclays U S Aggregate Bond Index"
9,"Bloomberg Barclays U.S. Municipal Bond Index reflects no deductions for fees, expenses or taxes"
7,"Bloomberg U.S. Aggregate Index (no deduction for fees, expenses or taxes)"
6,"Russell 3000 Index (no deduction for fees, expenses or taxes)"
6,"Bloomberg Barclays U.S. Aggregate Bond Index (no deduction for fees, expenses or taxes)"
6,"Bloomberg U.S. Aggregate Bond Index (no deduction for fees, expenses or taxes)"
6,"Bloomberg Barclays U.S. Aggregate Bond Index"
5,"Bloomberg Barclays Municipal Bond Index (no deduction for fees, expenses or taxes)"
5,"S&P 500 Index Return (reflects no deduction for fees, expenses or taxes)"
4,"S&P 500 Index (no deduction for fees, expenses or taxes)"
4,"Bloomberg Municipal Bond Index (no deduction for fees, expenses or taxes)"
4,"Bloomberg Barclays U.S. Aggregate Bond Index Return (reflects no deduction for fees, expenses or taxes)"
4,"Bloomberg U.S. Aggregate Bond Index Return (reflects no deduction for fees, expenses or taxes)"
4,"Bloomberg Barclays U.S. Aggregate Bond Index (reflects no deduction for fees, expenses, or taxes)"
4,"MSCI All Country World Index-NR"
4,"Bloomberg Barclays Us Aggregate Bond Index"
3,"S&P/LSTA Leveraged Loan Index (reflects no deduction for fees, expenses or taxes)"
3,"Bloomberg Barclays U.S. Municipal Bond Index reflects no deduction for fees, expenses or taxes"
3,"Bloomberg Barclays U.S. Aggregate Bond Index (reflects no deduction for fees, expenses or taxes)"
3,"Bloomberg Barclays Municipal Bond Index"
3,"MSCI All Country World Index (index reflects no deduction for fees, expenses or taxes)"
3,"Bloomberg Barclays U.S. Universal Bond Index(reflects no deduction for fees, expenses, or taxes)"
3,"S&P 500 Index (does not reflect deductions for fees, expenses or taxes)"
3,"Bloomberg Barclays U S Mortgage Backed Securities Index"
3,"JPMorgan Developed High Yield Index (no deduction for fees, expenses or taxes)"
3,"Dow Jones U S Total Stock Market Float Adjusted Index"
3,"S&P/LSTA Leveraged Loan Index"
3,"Standard & Poors (S&P) 500 Index (reflects no deduction for fees, expenses, or taxes)"
2,"Lipper Money Market Funds Index"
2,"Barclays Municipal Bond Index reflects no deduction for fees, expenses or taxes"
2,"MSCI All Country World Index Net"
2,"MSCI EAFE Index (ND) (no deduction for fees, expenses or taxes, other than withholding taxes on reinvested dividends)"
2,"Russell 1000 Index Return (reflects no deduction for fees, expenses or taxes)"
2,"ICE BofAML 1-3 Year US Treasury Index (reflects no deduction for fees, expenses or taxes)"
2,"Bloomberg Short U.S. Treasury 9-12 Month Index Return (reflects no deduction for fees, expenses or taxes)"
2,"Russell 3000 Index Return (reflects no deduction for fees, expenses or taxes)"
2,"Bloomberg Barclays Municipal Bond Index (reflects no deduction for fees, expenses, or taxes)"
2,"Bloomberg Barclays Municipal Bond 5-Year (4-6) Index (reflects no deduction for fees, expenses, or taxes)"
2,"Bloomberg Barclays Municipal Bond Five Year Four Six Index"
2,"MSCI All Country World ex-US Index (index reflects no deduction for fees, expenses or taxes)"
2,"MSCI All Country World ex-US Index-NR"
2,"MSCI EAFE Index (index reflects no deduction for fees, expenses or taxes)"
2,"Bloomberg Barclays Arizona 4+ Year Enhanced Municipal Bond Index(reflects no deduction for fees, expenses, or taxes)"
2,"Bloomberg Barclays 3+ Year Municipal Bond Index(reflects no deduction for fees, expenses, or taxes)"
2,"Bloomberg Barclays U.S. 1-5 Year Government/Credit Bond Index(reflects no deduction for fees, expenses, or taxes)"
2,"Russell 2500 Index (does not reflect deductions for fees, expenses or taxes)"
2,"Russell 2000 Value Index (does not reflect deductions for fees, expenses or taxes)"
2,"ICE BofA 1-Year US Treasury Note Index(reflects no deduction for fees, expenses or taxes)"
2,"Bloomberg Barclays U.S. Mortgage Backed Securities Index (reflects no deduction for fees, expenses or taxes)"
2,"Bloomberg U S Universal Index"
2,"MSCI All Country World ex USA Index (reflects no deductions for sales charges, account fees, expenses or U.S. federal income taxes)"
2,"MSCI World Health Care Index (ND) (no deduction for fees, expenses or taxes, other than withholding taxes on reinvested dividends)"
2,"MSCI World Utilities Index (ND) (no deduction for fees, expenses or taxes other than withholding taxes on reinvested dividends)"
2,"MSCI World Utilities Index (ND) (no deduction for fees expenses or taxes, other than withholding taxes on reinvested dividends)"
2,"Bloomberg Barclays U.S. MBS Index (no deduction for fees or expenses)"
2,"Bloomberg U.S. MBS Index (no deduction for fees, expenses or taxes)"
2,"Bloomberg Barclays U.S. MBS Index (no deduction for fees, expenses or taxes)"
2,"Putnam Balanced Blended Benchmark (no deduction for fees, expenses or taxes, other than withholding taxes on reinvested dividends in the case of the MSCI EAFE Index (ND))"
2,"ICE BofAML U.S. Treasury Bill Index"
2,"ICE BofA U.S. Treasury Bill Index (no deduction for fees, expenses or taxes)"
2,"MSCI ACWI ex USA Index (ND) (no deduction for fees, expenses or taxes, other than withholding taxes on reinvested dividends)"
2,"MSCI World Index (ND) (no deduction for fees, expenses or taxes other than withholding taxes on reinvested dividends)"
2,"Ftse Three Month Us Treasury Bill Index"
2,"Citigroup Three Month Us Treasury Bill Index"
2,"Russell Three Thousand Index"
2,"Bloomberg U S Aggregate Float Adjusted Index"
2,"Bloomberg Barclays Aggregate Bond Index"
2,"MSCI World Index (index reflects no deduction for fees, expenses or taxes)"
2,"MSCI All Country World Index-NR (index reflects no deduction for fees, expenses or taxes but are net of dividend tax withholding)"
2,"Bloomberg Barclays U.S. Aggregate Bond Index(reflects no deduction for fees, expenses, or taxes)"
2,"Bloomberg Barclays New Jersey Enhanced Modified Municipal Bond Index(reflects no deduction for fees, expenses, or taxes)"
2,"Bloomberg Barclays Connecticut 4+ Year Enhanced Municipal Bond Index(reflects no deduction for fees, expenses, or taxes)"
2,"Bloomberg Barclays U S Corporate High Yield Issuer Capped Index"
2,"Russell 1000 Value Index (no deduction for fees, expenses or taxes)"
2,"ICE BofAML 3-Month U.S. Treasury Bill Index Return (reflects no deduction for fees, expenses or taxes)"
2,"MSCI EAFE Index Return (reflects no deduction for fees, expenses or taxes)"
2,"BofA Merrill Lynch 3-Month U.S. Treasury Bill Index Return (reflects no deduction for fees, expenses or taxes)"
2,"ICE BofA 3-Month U.S. Treasury Bill Index Return (reflects no deduction for fees, expenses or taxes)"
2,"Barclays Capital Municipal Bond Index"
2,"Standard & Poor?s (?S&P?) 500 Index (reflects no deduction for fees, expenses, or taxes)"
2,"""Standard & Poor's (""""S&P"""") 500 Index (reflects no deduction for fees, expenses, or taxes)"""
2,"Bloomberg Barclays U.S. 3-6 Month Treasury Bill Index(reflects no deduction for fees, expenses, or taxes)"
2,"MSCI EAFE (Europe, Australasia, Far East) Index (reflects no deductions for account fees, expenses or U.S. federal income taxes)"
2,"Calvert V P Russell 2000 Small Cap Index Portfolio Class I"
2,"Voya Russell Large Cap Index Portfolio (Class I)"
2,"Voya Russell Large Cap Growth Index Portfolio (Class I)"
1,"MSCI All Country World Small Cap Index (reflects no deductions for sales charges, account fees, expenses or U.S. federal income taxes)"
1,"Morningstar&#174; LSTA US Leveraged Loan Index&#160;(reflects no deduction for fees, expenses or taxes)"
1,"Morningstar LSTA US Leveraged Loan Index (reflects no deduction for fees, expenses or taxes)"
1,"Bloomberg U.S. Aggregate Bond Index&#160;(reflects no deduction for fees, expenses or taxes)"
1,"Morningstar L S T A U S Leveraged Loan Index"
1,"Lipper US Government Money Market Funds Index"
1,"Lipper US Government Money Market Funds Index (reflects no deduction for fees, expenses, or taxes)"
1,"Lipper Us Government Money Market Funds Index"
1,"Lipper U.S. Government Money Market Funds Index"
1,"Lipper U S Government Money Market Funds Index"
1,"Bloomberg Municipal Bond: 7 Year Index (6-8)reflects no deductions for fees, expenses or taxes"
1,"Bloomberg Municipal Bond Index reflects no deductions for fees, expenses or taxes"
1,"Bloomberg Municipal Bond: 7 Year Index (6-8) reflects no deductions for fees, expenses or taxes"
1,"Barclays 7-Year Municipal Bond Index reflects no deduction for fees, expenses or taxes"
1,"Bloomberg Barclays Municipal Bond: 7 Year Index (6-8) reflects no deductions for fees, expenses or taxes"
1,"MSCI All Country World Index Information Technology Net (reflects no deduction for fees or expenses)"
1,"MSCI All Country World Index Information Technology (reflects no deduction for fees, expenses, or taxes)"
1,"MSCI All Country World Index Information Technology Net"
1,"Msci All Country World Index Information Technology"
1,"MSCI Europe Index (ND) (no deduction for fees, expenses or taxes other than withholding taxes on reinvested dividends)"
1,"MSCI ACWI ex USA Index-NR (no deduction for fees, expenses or taxes other than withholding taxes on reinvested dividends)"
1,"MSCI EAFE Index-NR (no deduction for fees, expenses or taxes other than withholding taxes on reinvested dividends)"
1,"MSCI EAFE Index (ND) (no deduction for fees, expenses or taxes other than withholding taxes on reinvested dividends)"
1,"Russell 3000 Growth Index (no deduction for fees, expenses or taxes)"
1,"Bloomberg Barclays 3-15 Year Blend Municipal Bond Index (no deduction for fees, expenses or taxes)"
1,"Bloomberg 3-15 Year Blend Municipal Bond Index (no deduction for fees, expenses or taxes)"
1,"Bloomberg Barclays Municipal Bond Index (no deductions for fees, expenses or taxes)"
1,"S&P Target Date To 2060 Index (no deduction for fees, expenses or taxes)"
1,"S&P Target Date To 2055 Index (no deduction for fees, expenses or taxes)"
1,"S&P Target Date To 2025 Index (no deduction for fees, expenses or taxes)"
1,"S&P Target Date To Retirement Income Index (no deduction for fees, expenses or taxes)"
1,"S&P Target Date To 2065? Index (no deduction for fees, expenses or taxes)"
1,"S&P Target Date To 2065 Index (no deduction for fees, expenses or taxes)"
1,"S&P Target Date To 2065+ Index (no deduction for fees, expenses or taxes)"
1,"S&P Target Date To 2040 Index (no deduction for fees, expenses or taxes)"
1,"Bloomberg Barclays U.S. Aggregate Bond Index (no deductions for fees, expenses or taxes)"
1,"S&P Target Date To Retirement Income Index"
1,"S&P Target Date To 2030 Index (no deduction for fees, expenses or taxes)"
1,"S&P Target Date To 2050 Index (no deduction for fees, expenses or taxes)"
1,"S&P Target Date To 2045 Index (no deduction for fees, expenses or taxes)"
1,"S&P Target Date To 2035 Index (no deduction for fees, expenses or taxes)"
1,"JPMorgan Government Bond Index"
1,"Bloomberg U.S. Long Government/Credit Index (reflects no deduction for fees, expenses or taxes)"
1,"MSCI All Country World Ex-US Net Index Return (net of dividends) (reflects no deduction for fees, expenses or taxes)"
1,"MSCI Emerging & Frontier Markets Index (reflects no deduction for fees, expenses or taxes)"
1,"Russell 1000 Index Return (reflects no deduction for fees,expenses or taxes)"
1,"MSCI World Minimum Volatility Index (USD) (reflects no deduction for fees or expenses)"
1,"MSCI All Country World Net Index Return (reflects no deductions for fees, expenses or taxes)"
1,"ICE BofA Merrill Lynch U.S. High Yield Constrained Index Return (reflects no deduction for fees, expenses or taxes)"
1,"ICE BofA 1-3 Year US Treasury Index (reflects no deduction for fees, expenses or taxes)"
1,"BofA Merrill Lynch 3-Month LIBOR Constant Maturity Index Return (reflects no deduction for fees, expenses or taxes)"
1,"Bloomberg 1-5 Year U.S. TIPS Index Return (reflects no deduction for fees, expenses or taxes)"
1,"Russell Small Cap Completeness Index (reflects no deduction for fees, expenses or taxes)"
1,"MSCI All Country World Net Index Return (reflects no deductions for fees or expenses)"
1,"Bloomberg U.S. Aggregate Bond Index Return (reflects no deductions for fees, expenses or taxes)"
1,"Bloomberg Barclays U.S. Long Government/Credit Index (reflects no deduction for fees, expenses or taxes)"
1,"Bloomberg Barclays 1-5 Year U.S. TIPS Index Return (reflects no deduction for fees, expenses or taxes)"
1,"ICE BofAML U.S. High Yield Constrained Index Return (reflects no deduction for fees, expenses or taxes)"
1,"Bloomberg U.S. Long Government/Credit Index Return (reflects no deduction for fees, expenses or taxes)"
1,"MSCI World Index Return (reflects no deduction for fees, expenses or taxes)"
1,"BofA Merrill Lynch 1-3 Year US Treasury Index (reflects no deduction for fees, expenses or taxes)"
1,"Bloomberg Global Aggregate Index (USD) Return (reflects no deduction for fees, expenses or taxes)"
1,"Bloomberg Long A+ U.S. Credit Index (reflects no deductions for fees, expenses or taxes)"
1,"ICE BofA USD 3-Month Deposit Offered Rate Constant Maturity Index Return (reflects no deductions for fees, expenses or taxes)"
1,"Russell 2500 Index Return (reflects no deduction for fees, expenses or taxes)"
1,"ICE BofAML USD 3-Month Deposit Offered Rate Constant Maturity Index (reflects no deductions for fees, expenses or taxes)"
1,"BofA Merrill Lynch US Dollar 3-Month LIBOR Constant Maturity Index Return (reflects no deduction for fees, expenses or taxes)"
1,"MSCI All Country World Ex-US Net Index Return (net of dividends) (reflects no deduction for fees or expenses)"
1,"Bloomberg Barclays A+ U.S. Credit Index Return (reflects no deductions for fees, expenses or taxes)"
1,"Bloomberg Barclays U.S. Long Credit A+ Index"
1,"Bloomberg Barclays Short U.S. Treasury 9-12 Month Index (reflects no deduction for fees, expenses or taxes)"
1,"MSCI World Index Return (reflects no deduction for fees or expenses)"
1,"ICE BofA U.S. High Yield Constrained Index Return (reflects no deduction for fees, expenses or taxes)"
1,"Bloomberg Barclays U.S. Long Corporate Index"
1,"ICE BofA USD 3-Month Deposit Offered Rate Constant Maturity Index (reflects no deductions for fees, expenses or taxes)"
1,"MSCI World Minimum Volatility Index (USD) Return (reflects no deduction for fees or expenses)"
1,"MSCI All Country World Ex-US Net Index Return (reflects no deductions for fees or expenses)"
1,"Bloomberg Long A+ U.S. Credit Index Return (reflects no deductions for fees, expenses or taxes)"
1,"Bloomberg A+ U.S. Credit Index Return (reflects no deductions for fees, expenses or taxes)"
1,"MSCI World Minimum Volatility Index, 50% Hedged to USD Return (reflects no deduction for fees, expenses or taxes)"
1,"MSCI Emerging & Frontier Markets Index Return (reflects no deduction for fees, expenses or taxes)"
1,"Russell 3000 Index Return (reflects no deduction for fees,Russell 3000 Index Return (reflects no deduction for fees, expenses or taxes)"
1,"Bloomberg Barclays Short Treasury 9-12 Month Bond Index (reflects no deduction for fees, expenses or taxes)"
1,"S&P 500 Composite Stock Price Index Return (reflects no deduction for fees, expenses or taxes)"
1,"Bloomberg Barclays Long A+ U.S. Credit Index (reflects no deductions for fees, expenses or taxes)"
1,"Russell Small Cap Completeness Index Return (reflects no deduction for fees, expenses or taxes)"
1,"ICE BofA 1-3 Year US Treasury Index Return (reflects no deduction for fees, expenses or taxes)"
1,"MSCI All Country World Ex-US Net Index Return (reflects no deduction for fees or expenses)"
1,"Bloomberg Barclays U.S. Treasury TIPS 1-5 Years Index Return (reflects no deduction for fees, expenses or taxes)"
1,"Bloomberg Short U.S. Treasury 9-12 Month Index (reflects no deduction for fees, expenses or taxes)"
1,"BofA Merrill Lynch U.S. High Yield Constrained Index Return (reflects no deduction for fees, expenses or taxes)"
1,"Russell 2000 Index Return (reflects no deduction for fees, expenses or taxes)"
1,"MSCI USA Minimum Volatility Index (Net) (reflects no deduction for fees, expenses or taxes)"
1,"Bloomberg Barclays U.S. Treasury Bills 9-12 Month Index (reflects no deduction for fees, expenses or taxes)"
1,"MSCI ACWI (All Country World Index) ex USA Index (gross)"
1,"MSCI All Country Asia ex Japan Index (gross) (reflects no deduction for fees, expenses, or taxes)"
1,"MSCI Emerging Markets Index (net)"
1,"MSCI Emerging Markets Index (net) (reflects no deduction for fees or expenses)"
1,"MSCI ACWI ex USA Small Cap Index (net) (reflects no deduction for fees, expenses, or taxes) (new benchmark)"
1,"MSCI ACWI ex USA Small Cap Index (net) (reflects no deduction for fees, expenses, or taxes)"
1,"MSCI EAFE (Europe, Australasia, Far East) Index (gross)"
1,"MSCI EAFE Index (net) (reflects no deduction for fees or expenses)"
1,"MSCI ACWI (All Country World Index) ex USA Index (net)"
1,"MSCI ACWI ex USA Small Cap Index (net)"
1,"MSCI ACWI ex USA Small Cap Index (gross)"
1,"MSCI Emerging Markets Index (gross) (reflects no deduction for fees, expenses, or taxes)"
1,"MSCI All Country Asia ex Japan Index (net) (reflects no deduction for fees, expenses, or taxes)"
1,"MSCI World Index (gross) (reflects no deduction for fees or expenses) (previous benchmark)"
1,"MSCI ACWI ex USA Small Cap Index (gross) (reflects no deduction for fees, expenses, or taxes) (new benchmark)"
1,"MSCI World Index (net) (reflects no deduction for fees or expenses) (previous benchmark)"
1,"MSCI World Index (net) (reflects no deduction for fees or expenses)"
1,"MSCI World Index (gross) (reflects no deduction for fees, expenses, or taxes) (previous benchmark)"
1,"MSCI World Index (gross) (reflects no deduction for fees or expenses)"
1,"MSCI EAFE Index (gross) (reflects no deduction for fees or expenses)"
1,"MSCI ACWI ex USA Small Cap Index (net) (reflects no deduction for fees or expenses)"
1,"MSCI EAFE (Europe, Australasia, Far East) Index (gross) (reflects no deduction for fees, expenses or taxes)"
1,"MSCI Emerging Markets Index (gross)"
1,"MSCI ACWI ex USA Small Cap Index (net) (reflects no deduction for fees or expenses) (new benchmark)"
1,"MSCI ACWI ex USA Small Cap Index (gross) (reflects no deduction for fees, expenses, or taxes)"
1,"MSCI EAFE (Europe, Australasia, Far East) Index (net)"
1,"MSCI EAFE (Europe, Australasia, Far East) Index (net) (reflects no deduction for fees or expenses)"
1,"Jp Morgan Leveraged Loan Index"
1,"Jpmorgan Leveraged Loan Index"
1,"Bloomberg Barclays US Aggregate Bond Index reflects no deduction for fees expenses or taxes"
1,"Bloomberg Barclays U S Aggregrate Bond Index As Of"
1,"Bloomberg Barclays U S Aggregrate Bond Index Two"
1,"Bloomberg Barclays U S Aggregrate Bond Index"
1,"ICE BofA Merrill Lynch 3-Month U.S. Treasury Bill Index (reflects no deduction for fees, expenses, or taxes)"
1,"Bofa Merrill Lynch Three Month Us Treasury Bill Index"
1,"Bofa Merrill Lynch Three Month Us Treasury Bill Index Two"
1,"BofA Merrill Lynch 3-Month U.S. Treasury Bill Index (reflects no deduction for fees, expenses, or taxes)"
1,"Indexreflectsnodeductionforfeesexpensesortaxes Bloomberg Barclays U S High Yield Ba B Rated One Five Year One Capped Index"
1,"Bloomberg U S High Yield Ba B Rated One Five Year One Capped Index"
1,"Bloomberg Barclays Us Corporate High Yield Issuer Capped Index"
1,"Bloomberg Barclays U S Corporate High Yield One Issuer Capped Index"
1,"Bloomberg Barclays US High Yield Ba B 1To 5 Year 1 Capped Index"
1,"Bloomberg U S Corporate High Yield One Issuer Capped Index"
1,"Bloomberg Barclays U S High Yield Ba B Rated One Five Year One Capped Index"
1,"Bloomberg Barclays US High Yield Ba/B Rated 1-5 Year 1% Capped Index (reflects no deduction for fees, expenses or taxes)"
1,"Bloomberg Barclays US Corporate High Yield 1% Issuer Capped Index (reflects no deduction for fees, expenses or taxes)"
1,"Bloomberg Barclays Us High Yield Bab Rated Capped Index"
1,"Russell Threethousand Index"
1,"Russell Index"
1,"Russell Onethousand Index"
1,"""Bloomberg Barclays U.S. Aggregate Bond Index (""""Bloomberg Barclays Aggregate""""), reflects no deduction for fees, expenses or taxes"""
1,"Customized Blended Index (60% S&P 500 and 40% Bloomberg Barclays Aggregate), reflects no deductions for fees, expenses or taxes"
1,"Customized Blended Index (60% S&P 500 and 40% Bloomberg Aggregate), reflects no deductions for fees, expenses or taxes"
1,"Customized Blended Index (60% S&P 500 and 40% Bloomberg Barclays Aggregate), reflects no deduction for fees, expenses or taxes"
1,"""S&P 500 Index (""""S&P 500""""), reflects no deduction for fees, expenses or taxes"""
1,"ICE BofA U.S. 3-Month Treasury Bill Index"
1,"Bloomberg Commodity Index (index reflects no deduction for fees, expenses or taxes)"
1,"ICE BofAML US 3-Month Treasury Bill Index (index reflects no deduction for fees, expenses or taxes)"
1,"ICE BofA US 3-Month Treasury Bill Index (index reflects no deduction for fees, expenses or taxes)"
1,"ICE BofA US 3-Month Treasury Bill Index"
1,"BofA Merrill Lynch US 3-Month Treasury Bill Index (index reflects no deduction for fees, expenses or taxes)"
1,"Bloomberg Commodity Index Total Return(reflects no deduction for fees, expenses, or taxes)"
1,"Bloomberg Commodity Index Total Return?(reflects no deduction for fees, expenses, or taxes)"
1,"MSCI AC World ex-US Small Cap Index-NR"
1,"MSCI All Country World ex-US Small Cap Index (index reflects no deduction for fees, expenses or taxes)"
1,"MSCI EAFE Index-NR (index reflects no deduction for fees, expenses or taxes but are net dividend tax withholding)"
1,"MSCI All Country World ex-US Small Cap Index-NR (index reflects no deduction for fees, expenses or taxes but are net dividend tax withholding)"
1,"S&P/IFCI Composite Index (index reflects no deduction for fees, expenses or taxes)"
1,"MSCI All Country World ex-US Index-NR (index reflects no deduction for fees, expenses or taxes but are net dividend tax withholding)"
1,"MSCI Emerging Markets Index (index reflects no deduction for fees, expenses or taxes)"
1,"MSCI EAFE Index-NR"
1,"Bloomberg Barclays Maryland 2+ Year Enhanced Municipal Bond Index Linked(reflects no deduction for fees, expenses, or taxes)"
1,"Barclays Arizona 4+ Year Enhanced Municipal Bond Index(reflects no deduction for fees, expenses, or taxes)"
1,"Barclays Municipal Bond Index(reflects no deduction for fees, expenses, or taxes)"
1,"Barclays Maryland 4+ Year Enhanced Municipal Bond Index(reflects no deduction for fees, expenses, or taxes)"
1,"Bloomberg Barclays Maryland 4+ Year Enhanced Municipal Bond Index(reflects no deduction for fees, expenses, or taxes)"
1,"Bloomberg Barclays Arizona 2+ Year Enhanced Municipal Bond Index Linked(reflects no deduction for fees, expenses, or taxes)"
1,"Bloomberg Barclays U.S. MBS Index(reflects no deduction for fees, expenses, or taxes)"
1,"Barclays U.S. MBS Index(reflects no deduction for fees, expenses, or taxes)"
1,"Barclays U.S. 1-5 Year Government/Credit Bond Index(reflects no deduction for fees, expenses, or taxes)"
1,"Benchmark: S&P 500 Value Index"
1,"Benchmark: S&P/Citigroup Value Index"
1,"Benchmark: Russell 2000 Value Index"
1,"Benchmark: S&P 500/Citigroup Value Index"
1,"Barclays Short-Term U.S. Government Index (reflects no deduction for taxes)"
1,"Barclays Intermediate U.S. Government/Credit Index (reflects no deduction for fees, expenses or taxes)"
1,"Bloomberg Barclays Intermediate U.S. Government/Credit Index (reflects no deduction for fees, expenses or taxes)"
1,"Standard & Poor?s 500 Index (S&P 500 Index) (reflects no deduction for fees, expenses or taxes)"
1,"Bloomberg Barclays Short-Term U.S. Government Index (reflects no deduction for taxes)"
1,"Standard & Poor?s 500 Value Index (S&P 500 Value Index)(2) (reflects no deduction for fees, expenses or taxes)"
1,"S&P Emerging BMI Total Return Index (S&P Emerging BMI Index) (reflects no deduction for fees, expenses or taxes)"
1,"Standard & Poor?s 500 Index (S&P 500 Index)(1) (reflects no deduction for fees, expenses or taxes)"
1,"Standard & Poor?s 500 Value Index (S&P 500 Value Index) (reflects no deduction for fees, expenses or taxes)"
1,"Standard & Poors 500 Index (S&P 500 Index) (reflects no deduction for fees, expenses or taxes)"
1,"Standard & Poors 500 Value Index (S&P 500 Value Index) (reflects no deduction for fees, expenses or taxes)"
1,"MSCI Emerging Markets Index (MSCI EM Index) (reflects no deduction for fees, expenses or taxes)"
1,"Standard & Poor's 500 Index (S&P 500 Index) (reflects no deduction for fees, expenses or taxes)"
1,"S&P 500 Index (does not reflect deductions for fees, expenses, or taxes)"
1,"S&P Mid Cap 400 Index (does not reflect deductions for fees, expenses or taxes)"
1,"S&P 500 Balanced Equity & Bond Index ? Moderate (does not reflect deductions for fees, expenses or taxes)"
1,"NASDAQ Composite Index (does not reflect deductions for fees, expenses or taxes)"
1,"S&P Target Risk Moderate Index (does not reflect deductions for fees, expenses or taxes)"
1,"S&P 500 Balanced Equity & Bond Index - Moderate (does not reflect deductions for fees, expenses or taxes)"
1,"Bloomberg Global-Aggregate Total Return Index (does not reflect deductions for fees, expenses or taxes)"
1,"S&P Target Risk Growth Index (does not reflect deductions for fees, expenses or taxes)"
1,"S&P Target Risk Aggressive Index (does not reflect deductions for fees, expenses or taxes)"
1,"S&P Mid Cap 400 Index (does not reflect deductions for fees, expenses, or taxes)"
1,"S&P Target Risk Conservative Index (does not reflect deductions for fees, expenses or taxes)"
1,"S&P 500 Balanced Equity & Bond Index Moderate (does not reflect deductions for fees, expenses or taxes)"
1,"NASDAQ Composite Index (does not reflect deductions for fees,expenses or taxes)"
1,"Russell 2500 Value Index (does not reflect deductions for fees, expenses or taxes)"
1,"Russell 2500 Value Index* (does not reflect deductions for fees, expenses or taxes)"
1,"Russell 2500 Value Index (does not reflect deductions for fees, expenses, or taxes)"
1,"Russell 2000 Value Index* (does not reflect deductions for fees, expenses or taxes)"
1,"Russell 2000 Value Index (does not reflect deductions for fees, expenses or taxes), fsc"
1,"FTSE EPRA/NAREIT Developed Real Estate Index (reflects no deduction for fees expenses, or taxes)"
1,"FTSE EPRA Nareit Developed Index Net TRI (reflects no deduction for fees or expenses)"
1,"FTSE EPRA/NAREIT Developed Real Estate Index (reflects no deduction for fees, expenses, or taxes)"
1,"FTSE EPRA Nareit Developed Index (reflects no deduction for fees, expenses, or taxes)"
1,"FTSE EPRA Nareit Developed Index Net TRI"
1,"Lipper Global Real Estate Index"
1,"FTSE EPRA Nareit Developed Index (reflects no deduction for fees, expenses, or taxes)Member"
1,"FTSE All World Developed Index"
1,"Barclays U.S. Credit Index"
1,"Bloomberg Barclays Us Credit Index"
1,"Bloomberg Barclays U S Credit Index"
1,"Bloomberg U S Credit Index"
1,"Bofa Merrill Lynch One Year U S Treasury Note Index"
1,"ICE BofAML 1-Year US Treasury Note Index (reflects no deduction for fees, expenses or taxes)"
1,"Bloomberg Barclays U.S. Short-Term Government/Corporate Index (reflects no deduction for fees, expenses or taxes)"
1,"BofA Merrill Lynch 1-Year Treasury Note Index (reflects no deduction for fees, expenses or taxes)"
1,"Bloomberg Barclays Mortgage Backed Securities Index"
1,"Bloomberg Barclaysus Aggregate Bond Index"
1,"Bloomberg Barclays Us Mortgage Backed Securities Index One Reflects No Deduction For Fees Expenses Or Taxes Member"
1,"ICE BofA Merrill Lynch 1-Year Treasury Note Index (reflects no deduction for fees, expenses or taxes)"
1,"Bloomberg Barclays Us Short Term Government Corporate Index"
1,"Bloomberg Barclays U S Short Term Government Corporate Index"
1,"Bloomberg U S Aggregate Bond Treasury U S D Index"
1,"Bloomberg US Short-Term Government/Corporate Index(reflects no deduction for fees, expenses or taxes)"
1,"ICE BofA Merrill Lynch 1-Year Treasury Note Index(reflects no deduction for fees, expenses or taxes)"
1,"Bloomberg Barclays U S Universal Index"
1,"Bloomberg U S Short Term Government Corporate Index"
1,"Bofa Merrill Lynch One Year Treasury Note Index"
1,"Lipper International Funds Index (reflects no deductions for sales charges, account fees or U.S. federal income taxes)"
1,"JP Morgan Emerging Markets Bond Index Global (reflects no deductions for account fees, expenses or U.S. federal income taxes)"
1,"MSCI Emerging Markets IMI Index (reflects no deductions for account fees, expenses or U.S. federal income taxes)"
1,"JP Morgan Government Bond Index Emerging Markets Global Diversified (reflects no deductions for account fees, expenses or U.S. federal income taxes)"
1,"Bloomberg Barclays U. S. Municipal Bond Index reflects no deduction for fees, expenses or taxes"
1,"MSCI World Index reflects no deduction for fees, expenses or taxes"
1,"MSCI World Index reflects no deductions for fees, expenses or taxes"
1,"Morningstar Global Allocation Index"
1,"Lipper Flexible Portfolio Funds Index"
1,"Lipper Flexible Portfolio Funds Index One"
1,"Morningstar Global Allocation Index (reflects no deduction for fees, expenses, or taxes)"
1,"Morningstar Global Allocation Index One"
1,"FTSE Developed ex North America Index Net"
1,"Ftse Developed Ex North America Index Net"
1,"MSCI EAFE Index Net"
1,"Ftse All World Developed Ex North America Index"
1,"FTSE Developed ex North America Index (reflects no deduction for fees, expenses, or taxes)"
1,"FTSE All World Developed ex North America Index (reflects no deduction for fees, expenses, or taxes)"
1,"Lipper Money Market Funds Index (reflects no deduction for fees, expenses, or taxes)"
1,"MSCI World Energy and Materials Index (ND) (no deduction for fees, expenses or taxes other than withholding taxes on reinvested dividends)"
1,"MSCI ACWI Index-NR (no deduction for fees, expenses or taxes, other than withholding taxes on reinvested dividends)"
1,"MSCI World Health Care Index (ND) (no deduction for fees, expenses or taxes)"
1,"Bloomberg Barclays GNMA Index (no deduction for fees, expenses or taxes)"
1,"Bloomberg Barclays U.S. MBS Index (no deduction for fees, expenses)"
1,"PutnamBalanced Blended Benchmark (no deduction for fees, expenses or taxes, other than withholding taxes on reinvested dividends in the case of the MSCI EAFE Index (ND))"
1,"Putnam Conservative Blended Benchmark (no deduction for fees, expenses or taxes, other than withholding taxes on reinvested dividends in the case of the MSCI EAFE Index-NR)"
1,"Putnam Balanced Blended Benchmark (no deduction for fees, expenses or taxes, other than withholding taxes on reinvested dividends in the case of the MSCI EAFE Index-NR)"
1,"Putnam Growth Blended Benchmark (no deduction for fees, expenses or taxes, other than withholding taxes on reinvested dividends in the case of the MSCI(ND) Index)"
1,"Putnam Balanced Blended Benchmark (no deduction for fees, expenses or taxes, other than withholding taxes on reinvested dividends in the case of the MSCI (ND) Index)"
1,"Putnam Conservative Blended Benchmark (no deduction for fees, expenses or taxes, other than withholding taxes on reinvested dividends in the case of the MSCI (ND) Index)"
1,"Putnam Growth Blended Benchmark (no deduction for fees, expenses or taxes, other than withholding taxes on reinvested dividends in the case of the MSCI EAFE Index-NR)"
1,"Putnam Conservative Blended Benchmark (no deduction for fees, expenses or taxes, other than withholding taxes on reinvested dividends in the case of the MSCI EAFE Index (ND))"
1,"Putnam Growth Blended Benchmark (no deduction for fees, expenses or taxes, other than withholding taxes on reinvested dividends in the case of the MSCI EAFE Index (ND))"
1,"Putnam Growth Blended Benchmark (no deduction for fees, expenses or taxes, other than withholding taxes on reinvested dividends in the case of the MSCI (ND) Index)"
1,"ICE BofAML U.S. Treasury Bill Index (no deduction for fees, expenses or taxes)"
1,"Citigroup Non-U.S. World Government Bond Index (no deduction for fees, expenses or taxes)"
1,"ICE BofA U.S. Treasury Bill Index (no deduction for fees. expenses or taxes)"
1,"Bloomberg Barclays U.S. Aggregate Bond Index(no deduction for fees, expenses or taxes)"
1,"Bloomberg Barclays Municipal Bond index (no deduction for fees, expenses or taxes)"
1,"ICE BofAML U.S. Convertible Index"
1,"ICE BofA U.S. Convertible Index (no deduction for fees, expenses or taxes"
1,"BofA Merrill Lynch U.S. Convertible Index (no deduction for fees, expenses or taxes)"
1,"ICE BofA U.S. Convertible Index"
1,"ICE BofAML U.S. Convertible Index (no deduction for fees, expenses or taxes)"
1,"ICE BofA U.S. Convertible Index (no deduction for fees, expenses or taxes)"
1,"MSCI World Index (ND)-MSCI ACWI ex USA Index (ND) Linked Benchmark (no deduction for fees, expenses or taxes, other than withholding taxes on reinvested dividends)"
1,"MSCI ACWI ex USA Index-NR (index reflects no deduction for fees, expenses or taxes but are net of dividend tax withholding)"
1,"MSCI World Index (ND) (no deduction for fees, expenses or taxes, other than withholding taxes on reinvested dividends)"
1,"Bloomberg Global Aggregate Bond Index (no deduction for fees, expenses or taxes)"
1,"Bloomberg Global Aggregate Index (no deduction for fees, expenses or taxes)"
1,"Bloomberg Barclays Global Aggregate Bond Index (no deduction for fees, expenses or taxes)"
1,"Ftse Three To Month Us Treasury Bill Index Reflects No Deduction For Fees Or Expenses"
1,"Citigroup 3-Month U.S. Treasury Bill Index (reflects no deduction for fees or expenses)"
1,"FTSE 3-Month U.S. Treasury Bill Index (reflects no deduction for fees or expenses)"
1,"Bloomberg Barclays Us Credit Or Better Bond Index"
1,"Bloomberg Barclays U S Credit Aor Better Bond Index"
1,"Bloomberg Barclays Us Credit A Or Better Bond Index"
1,"Bloomberg Barclays Aggregate Index"
1,"MSCI US Broad Market Index One"
1,"MSCI US Broad Market Index (reflects no deduction for fees, expenses, or taxes)"
1,"Msci Us Broad Market Index"
1,"MSCI US Broad Market Index"
1,"Bloomberg Barclays Global Aggregateex U S D Float Adjusted R I C Capped Index U S D Hedged"
1,"Bloomberg Global Aggregate Index ex USD (reflects no deduction for fees, expenses, or taxes)"
1,"Bloomberg Barclays Global Aggregate Credit Index U S D Hedged"
1,"Bloomberg Global Aggregate Float Adjusted Index"
1,"Bloomberg Barclays Global Aggregate Float Adjusted Ric Capped Index"
1,"Bloomberg Barclays Global Aggregate Index ex USD (reflects no deduction for fees, expenses, or taxes)"
1,"Bloomberg Barclays Global Aggregate ex-USD Float Adjusted RIC Capped Index (USD Hedged) (reflects no deduction for fees, expenses, or taxes)"
1,"Bloomberg Global Aggregateex U S D Float Adjusted R I C Capped Index U S D Hedged"
1,"Bloomberg Global Aggregate Credit Index U S D Hedged"
1,"Bloomberg Barclays Global Aggregate Float Adjusted Index"
1,"MSCI All Country World Ex U.S. Index (Net) (reflects no deduction for fees, expenses, or taxes)"
1,"MSCI All Country World Index (Net) (reflects no deduction for fees, expenses, or taxes)"
1,"MSCI All Country World NR Index (reflects no deductions for fees, expenses or taxes)"
1,"Bloomberg Barclays U.S. Aggregate Bond Index (reflects no deductions for fees, expenses or taxes)"
1,"Barclays Capital U.S. Aggregate Bond Index (reflects no deductions for fees, expenses or taxes)"
1,"MSCI ACWI ex-U.S. Index (Net)"
1,"MSCI Japan Index (Net)"
1,"S&P UBS Leveraged Loan Index Total Return (reflects no deduction for fees, expenses or taxes)"
1,"ICE BOFA US 3-MONTH TREASURY BILL INDEX (REFLECTS NO DEDUCTION FOR FEES, EXPENSES OR TAXES)"
1,"BLOOMBERG COMMODITY INDEX TOTAL RETURN (REFLECTS NO DEDUCTIONS FOR FEES, EXPENSES OR TAXES)"
1,"ICE BofA US 3-Month Treasury Bill Index (reflects no deduction for fees, expenses or taxes)"
1,"ICE BOFA 3-MONTH TREASURY BILL INDEX (REFLECTS NO DEDUCTION FOR FEES, EXPENSES OR TAXES)"
1,"ICE BOFA ML 3-MONTH TREASURY BILL INDEX (REFLECTS NO DEDUCTION FOR FEES, EXPENSES OR TAXES)"
1,"MSCI EMERGING MARKETS USD INDEX NR"
1,"BOFA MERRILL LYNCH 3-MONTH U.S. TREASURY BILL INDEX (REFLECTS NO DEDUCTION FOR FEES, EXPENSES OR TAXES)"
1,"benchmark94-Bloomberg Barclays U.S. Mortgage Backed Securities (MBS) Index (reflects no deduction for fees, expenses or taxes)"
1,"Bloomberg Barclays U.S. Mortgage Backed Securities (MBS) Index (reflects no deduction for fees, expenses or taxes)"
1,"benchmark94-Bloomberg U.S. Mortgage Backed Securities (MBS) Index (reflects no deduction for fees, expenses or taxes)"
1,"benchmark95-Lipper U.S. Mortgage Funds Index (reflects no deduction for taxes)"
1,"benchmark94--Bloomberg U.S. Mortgage Backed Securities (MBS) Index (reflects no deduction for fees, expenses or taxes)"
1,"Lipper U.S. Mortgage Funds Index (reflects no deduction for taxes)"
1,"bench20240425441--Bloomberg U.S. Universal Index (reflects no deduction for fees, expenses or taxes)"
1,"Bloomberg Barclays U S Municipal High Yield Bond Index"
1,"ICE BofA ML U.S. High Yield Index (reflects no deduction for fees, expenses or taxes)"
1,"Morgan Stanley Capital International (MSCI) World NR Index (reflects no deduction for fees, expenses or taxes)"
1,"Bloomberg Municipal Bond Total Return Index"
1,"Bloomberg Barclays US Municipal High Yield Bond Index"
1,"MSCI World NR Index (reflects no deduction for fees, expenses or taxes)"
1,"Bloomberg Barclays Muni High Yield Index"
1,"Morgan Stanley Capital International Msci All Country World Nd Index"
1,"Bloomberg High Yield Municipal Total Return Index"
1,"Morgan Stanley Capital International (MSCI) All Country World NR Index (reflects no deduction for fees, expenses or taxes)"
1,"Bloomberg Barclays U.S. Municipal High Yield Bond Index (reflects no deduction for fees, expenses or taxes)"
1,"Morgan Stanley Capital International (MSCI) World ND Index (reflects no deduction for fees, expenses or taxes)"
1,"Bloomberg U S Municipal High Yield Bond Index"
1,"Morgan Stanley Capital International Msci World Nd Index"
1,"Morgan Stanley Capital International (MSCI) All Country World ND Index (reflects no deduction for fees, expenses or taxes)"
1,"Bloomberg Barclays One- to Three-Year Government/Credit Index (reflects no deduction for fees, expenses or taxes)"
1,"Bloomberg U S Aggregate Bond Index Two Two Five"
1,"Bloomberg Barclays Oneto Three Year Government Credit Index"
1,"Bloomberg Oneto Three Year Government Credit Index"
1,"Bloomberg Barclays One to Three Year Government Credit Index"
1,"Bloomberg Barclays Uz Government Credit One Three Year Index"
1,"Bloomberg Barclays U S Government Credit One Three Year Index"
1,"Bloomberg U S Government Credit One Three Year Index Four Fourty Five"
1,"Bloomberg Barclays US GovernmentCredit 13 Year Index"
1,"Bloomberg Barclays Us Governmentcredit One To Three Year Index"
1,"Bloomberg U S Government Credit One Three Year Index"
1,"Bloomberg Barclays US Aggregate Bond Index"
1,"Bloomberg Barclays Capital Short (1-3 Yr) Government Index (reflects no deduction for fees or expenses)"
1,"ICE BofAML US 3-Month Treasury Bill Index (reflects no deduction for fees or expenses)"
1,"ICE BofAML 6-Month U.S. Treasury Bill Index (reflects no deduction for fees or expenses)"
1,"ICE BofAML Two-Year U.S. Treasury Note Index (Including Transaction Costs)"
1,"Bofa Merrill Lynch One Year Us Treasury Note Index"
1,"ICE BofAML Two-Year U.S. Treasury Note Index (reflects no deduction for fees or expenses)"
1,"BofA Merrill Lynch Six-Month U.S. Treasury Bill Index (reflects no deduction for fees or expenses)"
1,"ICE BofAMLTwo-Year U.S. Treasury Note Index (reflects no deduction for fees or expenses)"
1,"BofA Merrill Lynch One-Year U.S. Treasury Note Index (reflects no deduction for fees or expenses)"
1,"BofA Merrill Lynch Two-Year U.S. Treasury Note Index (reflects no deduction for fees or expenses)"
1,"Bofa Merrill Lynch Six Month Us Treasury Bill Index"
1,"ICE BofAML US 3-Month Treasury Bill Index"
1,"ICE BofAML Six-Month U.S. Treasury Bill Index (reflects no deduction for fees or expenses)"
1,"ICE BofAML Two-Year U.S. Treasury Note Index (Excluding Transaction Costs)"
1,"ICE BofAML One-Year U.S. Treasury Note Index (reflects no deduction for fees or expenses)"
1,"Bloomberg Barclays Short (1-2 Year) Government Index (reflects no deduction for fees or expenses)"
1,"Bloomberg Capital Short (1-3 Yr) Government Index (reflects no deduction for fees or expenses)"
1,"Morningstar Aggressive Target Risk Index"
1,"Morningstar Aggressive Target Risk Index (reflects no deduction for fees, expenses or taxes)"
1,"Morningstar Moderately Conservative Target Risk Index"
1,"Morningstar Moderately Aggressive Target Risk Index (reflects no deduction for fees, expenses or taxes)"
1,"Morningstar Moderate Target Risk Index (reflects no deduction for fees, expenses or taxes)"
1,"Morningstar Moderately Aggressive Target Risk Index"
1,"Morningstar Moderate Target Risk Index"
1,"ICE BofA Merrill Lynch 3-Month T-Bill Index (reflects no deduction for fees, expenses, or taxes)"
1,"Bofa Merrill Lynch Three Month T Bill Index"
1,"Bloomberg Barclays Global Aggregate Bond Index"
1,"Bloomberg Barclays Global Aggregate Bond Index U Shedgedreflectsnodeductionforfeesexpensesortaxes"
1,"Bloomberg Barclays Global Aggregate Bond Index U Shedged"
1,"Bloomberg Barclays U.S. Treasury TIPS 1-10 Year Index (reflects no deduction for fees, expenses or taxes)"
1,"S&P/LSTA Leveraged Performing Loan Index (reflects no deduction for fees, expenses or taxes)"
1,"Bloomberg U S Treasury T I P S One Ten Year Index"
1,"Morningstar L S T A U S Performing Loan Total Return Index"
1,"Morningstar LSTA US Performing Loan Index (reflects no deduction for fees, expenses or taxes)"
1,"Bloomberg U S Aggregate Bond Total Return Index"
1,"FTSE India Quality and Yield Select Index (Net) (reflects reinvested dividends net of withholding taxes, but reflects no deduction for fees, expenses or other taxes)"
1,"MSCI India Index (Net) (reflects reinvested dividends net of withholding taxes, but reflects no deductions for fees, expenses or other taxes)"
1,"MSCI India Index (Net) (reflects reinvested dividends net of withholding taxes, but reflects no deduction for fees, expenses or other taxes)"
1,"FTSE India Quality and Yield Select Index (Net) (reflects invested dividends net of withholding taxes, but reflects no deduction for fees, expenses or other taxes)"
1,"Blended - FTSE India Quality and Yield Select Index (reflects reinvested dividends net of withholding taxes, but reflects no deduction for fees, expenses or other taxes)"
1,"Msci India Index Net"
1,"FTSE India Quality and Yield Select Index(Net) (reflects reinvested dividends net of withholding taxes, but reflects no deduction for fees, expenses or other taxes)"
1,"Ftse India Quality And Yield Select Index"
1,"MSCI India Index (Net)(reflects invested dividends net of withholding taxes, but reflects no deduction for fees, expenses or other taxes)"
1,"Msci India Index"
1,"Blended - FTSE India Quality and Yield Select Index"
1,"Blended - FTSE India Quality and Yield Select Index (Net)(reflects reinvested dividends net of withholding taxes, but reflects no deduction for fees, expenses or other taxes)"
1,"Blended To Ftse India Quality And Yield Select Index"
1,"Jpmorgan Domestic High Yield Index"
1,"JPMorgan Domestic High Yield Index"
1,"Bloomberg Barclays One Five Year U S Credit Index"
1,"Bloomberg Barclays One To Five Year Us Credit Index"
1,"Bloomberg Barclays 15 Year US Credit Index"
